[
  {
    "100": {
      "preferred_languages": [
        "English",
        "Spanish"
      ],
      "favourite_actors": [
        "Denzel Washington",
        "Kate Winslet",
        "Emma Suárez",
        "Tom Hanks"
      ],
      "favourite_directors": [
        "Steven Spielberg",
        "Martin Scorsese",
        "Pedro Almodóvar"
      ]
    }
  },
  {
    "101": {
      "preferred_languages": [
        "English"
      ],
      "favourite_actors": [
        "Denzel Washington",
        "Anne Hathaway",
        "Tom Hanks"
      ],
      "favourite_directors": [
        "Guy Ritchie",
        "Quentin Tarantino"
      ]
    }
  },
  {
    "102": {
      "preferred_languages": [
        "English"
      ],
      "favourite_actors": [
        "Uma Thurman",
        "Charlize Theron",
        "John Travolta"
      ],
      "favourite_directors": [
        "Quentin Tarantino"
      ]
    }
  },
  {
    "103": {
      "preferred_languages": [
        "English"
      ],
      "favourite_actors": [
        "Antonio Banderas",
        "Clint Eastwood",
        "Bruce Willis"
      ],
      "favourite_directors": [
        "Stanley Kubrick",
        "Oliver Stone"
      ]
    }
  },
  {
    "104": {
      "preferred_languages": [
        "English"
      ],
      "favourite_actors": [
        "Anthony Hopkins",
        "Adam Sandler",
        "Bruce Willis"
      ],
      "favourite_directors": [
        "Nora Ephron",
        "Oliver Stone"
      ]
    }
  },
  {
    "105": {
      "preferred_languages": [
        "Spanish"
      ],
      "favourite_actors": [
        "Anthony Hopkins",
        "Bárbara Goenaga",
        "Tenoch Huerta"
      ],
      "favourite_directors": [
        "Amat Escalante",
        "Robert Rodriguez"
      ]
    }
  },
  {
    "106": {
      "preferred_languages": [
        "English",
        "Spanish"
      ],
      "favourite_actors": [
        "Brad Pitt",
        "Robert Downey Jr.",
        "Jennifer Lawrence",
        "Johnny Depp"
      ],
      "favourite_directors": [
        "Steven Spielberg",
        "Martin Scorsese",
        "Ridley Scott"
      ]
    }
  }
]
